{"cameraMode":{"drawMode":0,"name":"Shaded","section":"Shading Mode"},"sceneLighting":true,"audioPlay":false,"sceneViewState":{"showFog":true,"showMaterialUpdate":false,"showSkybox":true,"showFlares":true,"showImageEffects":true,"showParticleSystems":true},"in2DMode":false,"pivot":{"x":14.89752197265625,"y":10.012042999267579,"z":31.150562286376954},"rotation":{"x":0.19676508009433747,"y":-0.5377839803695679,"z":0.1307498812675476,"w":0.8093077540397644},"size":2.092724084854126,"orthographic":false}